{
  "project_info": {
    "project_number": "847869819346",
    "firebase_url": "https://scharffproj.firebaseio.com",
    "project_id": "scharffproj",
    "storage_bucket": "scharffproj.appspot.com"
  },
  "client": [
    {
      "client_info": {
        "mobilesdk_app_id": "1:847869819346:android:4d1e6406a184a084",
        "android_client_info": {
          "package_name": "com.helloworld.android"
        }
      },
      "oauth_client": [
        {
          "client_id": "847869819346-7d9fpf0k161u4v8bmm9dptjvu1mbvinp.apps.googleusercontent.com",
          "client_type": 3
        }
      ],
      "api_key": [
        {
          "current_key": "AIzaSyAo8gp79MokkCP-WHY7tn_du1XhM5IEATA"
        }
      ],
      "services": {
        "analytics_service": {
          "status": 1
        },
        "appinvite_service": {
          "status": 1,
          "other_platform_oauth_client": []
        },
        "ads_service": {
          "status": 2
        }
      }
    },
    {
      "client_info": {
        "mobilesdk_app_id": "1:847869819346:android:1f1f59d9f95ed684",
        "android_client_info": {
          "package_name": "com.example.john.helloworld"
        }
      },
      "oauth_client": [
        {
          "client_id": "847869819346-siktns82jb8qh5kl3jvc7215p7l3l4v2.apps.googleusercontent.com",
          "client_type": 1,
          "android_info": {
            "package_name": "com.example.john.helloworld",
            "certificate_hash": "f5157ee7faec8e6de84185f4e7b8bc1749b2bae7"
          }
        },
        {
          "client_id": "847869819346-7d9fpf0k161u4v8bmm9dptjvu1mbvinp.apps.googleusercontent.com",
          "client_type": 3
        }
      ],
      "api_key": [
        {
          "current_key": "AIzaSyAo8gp79MokkCP-WHY7tn_du1XhM5IEATA"
        }
      ],
      "services": {
        "analytics_service": {
          "status": 1
        },
        "appinvite_service": {
          "status": 2,
          "other_platform_oauth_client": [
            {
              "client_id": "847869819346-7d9fpf0k161u4v8bmm9dptjvu1mbvinp.apps.googleusercontent.com",
              "client_type": 3
            }
          ]
        },
        "ads_service": {
          "status": 2
        }
      }
    }
  ],
  "configuration_version": "1"
}